{"sim/cockpit2/clock_timer/local_time_hours": 11, "sim/cockpit2/clock_timer/local_time_minutes": 4, "sim/cockpit2/clock_timer/zulu_time_hours": 10, "sim/cockpit2/clock_timer/zulu_time_minutes": 4, "sim/cockpit2/clock_timer/current_day": 29, "sim/time/local_date_days": 210, "sim/weather/aircraft/altimeter_temperature_error": 0.041899826377630234, "sim/weather/aircraft/barometer_current_pas": 99882.890625, "sim/weather/aircraft/gravity_mss": 9.797812461853027, "sim/weather/aircraft/precipitation_on_aircraft_ratio": 0.0, "sim/weather/aircraft/qnh_pas": 101700.0, "sim/weather/aircraft/relative_humidity_sealevel_percent": 37.04963302612305, "sim/weather/aircraft/speed_sound_ms": 349.805419921875, "sim/weather/aircraft/temperature_ambient_deg_c": 31.3330020904541, "sim/weather/aircraft/temperature_leadingedge_deg_c": 31.339691162109375, "sim/weather/aircraft/thermal_rate_ms": 1.3068355321884155, "sim/weather/aircraft/visibility_reported_sm": 38.82034683227539, "sim/weather/aircraft/wave_amplitude": 0.1770814210176468, "sim/weather/aircraft/wave_dir": 132.0, "sim/weather/aircraft/wave_length": 2.124932289123535, "sim/weather/aircraft/wave_speed": 1.8201454877853394, "sim/weather/aircraft/wind_speed_kts": [11.640168190002441, 0.9400519728660583, 3.181856155395508, 4.0, 5.0, 6.777214050292969, 7.000000476837158, 4.2227864265441895, 17.777212142944336, 20.77721405029297, 27.77721405029297, 33.77721405029297, 17.0], "sim/weather/aircraft/cloud_base_msl_m": [1265.096435546875, 4876.80029296875, 7315.2001953125], "sim/weather/aircraft/cloud_coverage_percent": [0.07181883603334427, 0.0, 0.0], "sim/weather/aircraft/cloud_tops_msl_m": [1764.5765380859375, 5376.671875, 7815.072265625], "sim/weather/aircraft/cloud_type": [2.0, 2.0, 2.0], "sim/weather/aircraft/wind_altitude_msl_m": [0.0, 540.1055908203125, 988.4664306640625, 1948.2816162109375, 3010.814453125, 4206.544921875, 5572.048828125, 7182.30712890625, 9160.154296875, 10362.8955078125, 11887.2001953125, 13594.080078125, 16179.39453125], "sim/weather/aircraft/wind_direction_degt": [133.31192016601562, 31.954524993896484, 132.20309448242188, 131.51254272460938, 150.60342407226562, 163.51895141601562, 191.9243621826172, 199.04916381835938, 185.44747924804688, 199.0051727294922, 226.48196411132812, 234.39674377441406, 212.77432250976562], "sim/weather/aircraft/temperatures_aloft_deg_c": [32.563720703125, 28.192432403564453, 24.564123153686523, 16.79830551147461, 8.203605651855469, -1.4657602310180664, -12.504436492919922, -25.51681137084961, -41.4924201965332, -51.20338439941406, -56.5, -56.5, -56.5], "sim/weather/aircraft/dewpoint_deg_c": [16.0, 15.301580429077148, 14.494531631469727, 12.766864776611328, 8.20367431640625, -1.4657002687454224, -12.504388809204102, -25.516780853271484, -41.49240493774414, -51.20337677001953, -56.5, -56.5, -56.5], "sim/weather/aircraft/turbulence": [0.0, 0.0, 0.0, 0.0, 0.0, 0.0, 0.0, 0.0, 0.0, 0.0, 0.0, 0.0, 0.0], "sim/weather/aircraft/shear_direction_degt": [0.0, 0.0, 0.0, 0.0, 0.0, 0.0, 0.0, 0.0, 0.0, 0.0, 0.0, 0.0, 0.0], "sim/weather/aircraft/shear_speed_kts": [0.0, 0.0, 0.0, 0.0, 0.0, 0.0, 0.0, 0.0, 0.0, 0.0, 0.0, 0.0, 0.0], "sim/weather/aircraft/wind_speed_kts[0]": 11.640168190002441, "sim/weather/aircraft/wind_speed_kts[1]": 0.9400519728660583, "sim/weather/aircraft/wind_speed_kts[2]": 3.181856155395508, "sim/weather/aircraft/wind_speed_kts[3]": 4.0, "sim/weather/aircraft/wind_speed_kts[4]": 5.0, "sim/weather/aircraft/wind_speed_kts[5]": 6.777214050292969, "sim/weather/aircraft/wind_speed_kts[6]": 7.000000476837158, "sim/weather/aircraft/wind_speed_kts[7]": 4.2227864265441895, "sim/weather/aircraft/wind_speed_kts[8]": 17.777212142944336, "sim/weather/aircraft/wind_speed_kts[9]": 20.77721405029297, "sim/weather/aircraft/wind_speed_kts[10]": 27.77721405029297, "sim/weather/aircraft/wind_speed_kts[11]": 33.77721405029297, "sim/weather/aircraft/wind_speed_kts[12]": 17.0, "sim/weather/aircraft/cloud_base_msl_m[0]": 1265.096435546875, "sim/weather/aircraft/cloud_base_msl_m[1]": 4876.80029296875, "sim/weather/aircraft/cloud_base_msl_m[2]": 7315.2001953125, "sim/weather/aircraft/cloud_coverage_percent[0]": 0.07181883603334427, "sim/weather/aircraft/cloud_coverage_percent[1]": 0.0, "sim/weather/aircraft/cloud_coverage_percent[2]": 0.0, "sim/weather/aircraft/cloud_tops_msl_m[0]": 1764.5765380859375, "sim/weather/aircraft/cloud_tops_msl_m[1]": 5376.671875, "sim/weather/aircraft/cloud_tops_msl_m[2]": 7815.072265625, "sim/weather/aircraft/cloud_type[0]": 2.0, "sim/weather/aircraft/cloud_type[1]": 2.0, "sim/weather/aircraft/cloud_type[2]": 2.0, "sim/weather/aircraft/wind_altitude_msl_m[0]": 0.0, "sim/weather/aircraft/wind_altitude_msl_m[1]": 540.1055908203125, "sim/weather/aircraft/wind_altitude_msl_m[2]": 988.4664306640625, "sim/weather/aircraft/wind_altitude_msl_m[3]": 1948.2816162109375, "sim/weather/aircraft/wind_altitude_msl_m[4]": 3010.814453125, "sim/weather/aircraft/wind_altitude_msl_m[5]": 4206.544921875, "sim/weather/aircraft/wind_altitude_msl_m[6]": 5572.048828125, "sim/weather/aircraft/wind_altitude_msl_m[7]": 7182.30712890625, "sim/weather/aircraft/wind_altitude_msl_m[8]": 9160.154296875, "sim/weather/aircraft/wind_altitude_msl_m[9]": 10362.8955078125, "sim/weather/aircraft/wind_altitude_msl_m[10]": 11887.2001953125, "sim/weather/aircraft/wind_altitude_msl_m[11]": 13594.080078125, "sim/weather/aircraft/wind_altitude_msl_m[12]": 16179.39453125, "sim/weather/aircraft/wind_direction_degt[0]": 133.31192016601562, "sim/weather/aircraft/wind_direction_degt[1]": 31.954524993896484, "sim/weather/aircraft/wind_direction_degt[2]": 132.20309448242188, "sim/weather/aircraft/wind_direction_degt[3]": 131.51254272460938, "sim/weather/aircraft/wind_direction_degt[4]": 150.60342407226562, "sim/weather/aircraft/wind_direction_degt[5]": 163.51895141601562, "sim/weather/aircraft/wind_direction_degt[6]": 191.9243621826172, "sim/weather/aircraft/wind_direction_degt[7]": 199.04916381835938, "sim/weather/aircraft/wind_direction_degt[8]": 185.44747924804688, "sim/weather/aircraft/wind_direction_degt[9]": 199.0051727294922, "sim/weather/aircraft/wind_direction_degt[10]": 226.48196411132812, "sim/weather/aircraft/wind_direction_degt[11]": 234.39674377441406, "sim/weather/aircraft/wind_direction_degt[12]": 212.77432250976562, "sim/weather/aircraft/temperatures_aloft_deg_c[0]": 32.563720703125, "sim/weather/aircraft/temperatures_aloft_deg_c[1]": 28.192432403564453, "sim/weather/aircraft/temperatures_aloft_deg_c[2]": 24.564123153686523, "sim/weather/aircraft/temperatures_aloft_deg_c[3]": 16.79830551147461, "sim/weather/aircraft/temperatures_aloft_deg_c[4]": 8.203605651855469, "sim/weather/aircraft/temperatures_aloft_deg_c[5]": -1.4657602310180664, "sim/weather/aircraft/temperatures_aloft_deg_c[6]": -12.504436492919922, "sim/weather/aircraft/temperatures_aloft_deg_c[7]": -25.51681137084961, "sim/weather/aircraft/temperatures_aloft_deg_c[8]": -41.4924201965332, "sim/weather/aircraft/temperatures_aloft_deg_c[9]": -51.20338439941406, "sim/weather/aircraft/temperatures_aloft_deg_c[10]": -56.5, "sim/weather/aircraft/temperatures_aloft_deg_c[11]": -56.5, "sim/weather/aircraft/temperatures_aloft_deg_c[12]": -56.5, "sim/weather/aircraft/dewpoint_deg_c[0]": 16.0, "sim/weather/aircraft/dewpoint_deg_c[1]": 15.301580429077148, "sim/weather/aircraft/dewpoint_deg_c[2]": 14.494531631469727, "sim/weather/aircraft/dewpoint_deg_c[3]": 12.766864776611328, "sim/weather/aircraft/dewpoint_deg_c[4]": 8.20367431640625, "sim/weather/aircraft/dewpoint_deg_c[5]": -1.4657002687454224, "sim/weather/aircraft/dewpoint_deg_c[6]": -12.504388809204102, "sim/weather/aircraft/dewpoint_deg_c[7]": -25.516780853271484, "sim/weather/aircraft/dewpoint_deg_c[8]": -41.49240493774414, "sim/weather/aircraft/dewpoint_deg_c[9]": -51.20337677001953, "sim/weather/aircraft/dewpoint_deg_c[10]": -56.5, "sim/weather/aircraft/dewpoint_deg_c[11]": -56.5, "sim/weather/aircraft/dewpoint_deg_c[12]": -56.5, "sim/weather/aircraft/turbulence[0]": 0.0,