{"sim/cockpit2/clock_timer/local_time_hours": 14, "sim/cockpit2/clock_timer/local_time_minutes": 53, "sim/cockpit2/clock_timer/zulu_time_hours": 10, "sim/cockpit2/clock_timer/zulu_time_minutes": 53, "sim/cockpit2/clock_timer/current_day": 7, "sim/time/local_date_days": 6, "sim/flightmodel/position/latitude": 25.199361157468086, "sim/flightmodel/position/longitude": 54.790525351619394, "sim/weather/region/change_mode": 3, "sim/weather/region/qnh_base_elevation": 451.7135925292969, "sim/weather/region/qnh_pas": 101667.3984375, "sim/weather/region/rain_percent": 0.0, "sim/weather/region/runway_friction": 0.0, "sim/weather/region/sealevel_pressure_pas": 101557.984375, "sim/weather/region/sealevel_temperature_c": 23.122833251953125, "sim/weather/region/thermal_rate_ms": 0.0, "sim/weather/region/update_immediately": 0, "sim/weather/region/variability_pct": 0.25, "sim/weather/region/visibility_reported_sm": 25.0, "sim/weather/region/wave_amplitude": 0.9143999814987183, "sim/weather/region/wave_dir": 270.0, "sim/weather/region/wave_length": 10.972799301147461, "sim/weather/region/wave_speed": 4.136133670806885, "sim/weather/region/weather_source": 0, "sim/weather/region/cloud_base_msl_m": [2280.513671875, 6096.0, 9144.0], "sim/weather/region/cloud_coverage_percent": [0.375, 0.0, 0.0], "sim/weather/region/cloud_tops_msl_m": [3804.513671875, 6595.8720703125, 9643.8720703125], "sim/weather/region/cloud_type": [2.0, 2.0, 2.0], "sim/weather/region/atmosphere_alt_levels_m": [0.0, 540.1055908203125, 988.4664306640625, 1948.2816162109375, 3010.814453125, 4206.544921875, 5572.048828125, 7182.30712890625, 9160.154296875, 10362.8955078125, 11887.2001953125, 13594.080078125, 16179.3935546875], "sim/weather/region/dewpoint_deg_c": [-0.7130972146987915, -1.6852872371673584, -2.4923367500305176, -4.220004081726074, -6.13256311416626, -12.324461936950684, -21.186595916748047, -31.632307052612305, -44.455326080322266, -52.249183654785156, -56.5, -56.5, -56.5], "sim/weather/region/temperatures_aloft_deg_c": [23.122833251953125, 19.21430206298828, 15.970138549804688, 9.026676177978516, 1.3423337936401367, -7.30255126953125, -17.171287536621094, -28.804027557373047, -43.08504867553711, -51.765525817871094, -56.5, -56.5, -56.5], "sim/weather/region/temperature_altitude_msl_m": [0.0, 540.1055908203125, 988.4664306640625, 1948.2816162109375, 3010.814453125, 4206.544921875, 5572.048828125, 7182.30712890625, 9160.154296875, 10362.8955078125, 11887.2001953125, 13594.080078125, 16179.392578125], "sim/weather/region/wind_altitude_msl_m": [0.0, 540.0, 988.0, 1948.2816162109375, 3010.814453125, 4206.544921875, 5572.048828125, 7182.30712890625, 9160.154296875, 10362.8955078125, 13171.7138671875, 14369.1435546875, 15566.572265625], "sim/weather/region/wind_direction_degt": [283.35748291015625, 326.8558654785156, 306.2027282714844, 312.7158203125, 298.354736328125, 294.4713134765625, 287.2030334472656, 283.7647705078125, 282.0043640136719, 286.107421875, 0.0, 0.0, 0.0], "sim/weather/region/wind_speed_msc": [6.440039157867432, 2.703146457672119, 2.9338035583496094, 3.4857234954833984, 6.703314304351807, 13.406628608703613, 14.211026191711426, 16.892351150512695, 24.936328887939453, 28.153921127319336, -0.5144444704055786, -0.5144444704055786, -0.5144444704055786], "sim/weather/region/turbulence": [0.0, 0.0, 0.0, 0.0, 0.0, 0.0, 0.0, 0.0, 0.0, 0.0, 0.0, 0.0, 0.0], "sim/weather/region/shear_direction_degt": [0.0, 0.0, 0.0, 0.0, 0.0, 0.0, 0.0, 0.0, 0.0, 0.0, 0.0, 0.0, 0.0], "sim/weather/region/shear_speed_msc": [0.0, 0.0, 0.0, 0.0, 0.0, 0.0, 0.0, 0.0, 0.0, 0.0, 0.0, 0.0, 0.0], "sim/weather/region/cloud_base_msl_m[0]": 2280.513671875, "sim/weather/region/cloud_base_msl_m[1]": 6096.0, "sim/weather/region/cloud_base_msl_m[2]": 9144.0, "sim/weather/region/cloud_coverage_percent[0]": 0.375, "sim/weather/region/cloud_coverage_percent[1]": 0.0, "sim/weather/region/cloud_coverage_percent[2]": 0.0, "sim/weather/region/cloud_tops_msl_m[0]": 3804.513671875, "sim/weather/region/cloud_tops_msl_m[1]": 6595.8720703125, "sim/weather/region/cloud_tops_msl_m[2]": 9643.8720703125, "sim/weather/region/cloud_type[0]": 2.0, "sim/weather/region/cloud_type[1]": 2.0, "sim/weather/region/cloud_type[2]": 2.0, "sim/weather/region/atmosphere_alt_levels_m[0]": 0.0, "sim/weather/region/atmosphere_alt_levels_m[1]": 540.1055908203125, "sim/weather/region/atmosphere_alt_levels_m[2]": 988.4664306640625, "sim/weather/region/atmosphere_alt_levels_m[3]": 1948.2816162109375, "sim/weather/region/atmosphere_alt_levels_m[4]": 3010.814453125, "sim/weather/region/atmosphere_alt_levels_m[5]": 4206.544921875, "sim/weather/region/atmosphere_alt_levels_m[6]": 5572.048828125, "sim/weather/region/atmosphere_alt_levels_m[7]": 7182.30712890625, "sim/weather/region/atmosphere_alt_levels_m[8]": 9160.154296875, "sim/weather/region/atmosphere_alt_levels_m[9]": 10362.8955078125, "sim/weather/region/atmosphere_alt_levels_m[10]": 11887.2001953125, "sim/weather/region/atmosphere_alt_levels_m[11]": 13594.080078125, "sim/weather/region/atmosphere_alt_levels_m[12]": 16179.3935546875, "sim/weather/region/dewpoint_deg_c[0]": -0.7130972146987915, "sim/weather/region/dewpoint_deg_c[1]": -1.6852872371673584, "sim/weather/region/dewpoint_deg_c[2]": -2.4923367500305176, "sim/weather/region/dewpoint_deg_c[3]": -4.220004081726074, "sim/weather/region/dewpoint_deg_c[4]": -6.13256311416626, "sim/weather/region/dewpoint_deg_c[5]": -12.324461936950684, "sim/weather/region/dewpoint_deg_c[6]": -21.186595916748047, "sim/weather/region/dewpoint_deg_c[7]": -31.632307052612305, "sim/weather/region/dewpoint_deg_c[8]": -44.455326080322266, "sim/weather/region/dewpoint_deg_c[9]": -52.249183654785156, "sim/weather/region/dewpoint_deg_c[10]": -56.5, "sim/weather/region/dewpoint_deg_c[11]": -56.5, "sim/weather/region/dewpoint_deg_c[12]": -56.5, "sim/weather/region/temperatures_aloft_deg_c[0]": 23.122833251953125, "sim/weather/region/temperatures_aloft_deg_c[1]": 19.21430206298828, "sim/weather/region/temperatures_aloft_deg_c[2]": 15.970138549804688, "sim/weather/region/temperatures_aloft_deg_c[3]": 9.026676177978516, "sim/weather/region/temperatures_aloft_deg_c[4]": 1.3423337936401367, "sim/weather/region/temperatures_aloft_deg_c[5]": -7.30255126953125, "sim/weather/region/temperatures_aloft_deg_c[6]": -17.171287536621094, "sim/weather/region/temperatures_aloft_deg_c[7]": -28.804027557373047, "sim/weather/region/temperatures_aloft_deg_c[8]": -43.08504867553711, "sim/weather/region/temperatures_aloft_deg_c[9]": -51.765525817871094, "sim/weather/region/temperatures_aloft_deg_c[10]": -56.5, "sim/weather/region/temperatures_aloft_deg_c[11]": -56.5, "sim/weather/region/temperatures_aloft_deg_c[12]": -56.5, "sim/weather/region/temperature_altitude_msl_m[0]": 0.0, "sim/weather/region/temperature_altitude_msl_m[1]": 540.1055908203125, "sim/weather/region/temperature_altitude_msl_m[2]": 988.4664306640625, "sim/weather/region/temperature_altitude_msl_m[3]": 1948.2816162109375, "sim/weather/region/temperature_altitude_msl_m[4]": 3010.814453125, "sim/weather/region/temperature_altitude_msl_m[5]": 4206.544921875, "sim/weather/region/temperature_altitude_msl_m[6]": 5572.048828125, "sim/weather/region/temperature_altitude_msl_m[7]": 7182.30712890625, "sim/weather/region/temperature_altitude_msl_m[8]": 9160.154296875, "sim/weather/region/temperature_altitude_msl_m[9]": 10362.8955078125, "sim/weather/region/temperature_altitude_msl_m[10]": 11887.2001953125, "sim/weather/region/temperature_altitude_msl_m[11]": 13594.080078125, "sim/weather/region/temperature_altitude_msl_m[12]": 16179.392578125, "sim/weather/region/wind_altitude_msl_m[0]": 0.0, "sim/weather/region/wind_altitude_msl_m[1]": 540.0, "sim/weather/region/wind_altitude_msl_m[2]": 988.0, "sim/weather/region/wind_altitude_msl_m[3]": 1948.2816162109375, "sim/weather/region/wind_altitude_msl_m[4]": 3010.814453125, "sim/weather/region/wind_altitude_msl_m[5]": 4206.544921875, "sim/weather/region/wind_altitude_msl_m[6]": 5572.048828125,